<?xml version="1.0" encoding="UTF-8"?>
<root>
  <item name="com.lm.sdk.android.dfu.DfuScope">
    <annotation name="androidx.annotation.IntDef">
      <val name="value" val="{com.lm.sdk.android.dfu.DfuServiceInitiator.SCOPE_SYSTEM_COMPONENTS, com.lm.sdk.android.dfu.DfuServiceInitiator.SCOPE_APPLICATION}" />
      <val name="flag" val="true" />
    </annotation>
  </item>
  <item name="com.lm.sdk.android.dfu.DfuService boolean initialize(android.content.Intent, android.bluetooth.BluetoothGatt, int, java.io.InputStream, java.io.InputStream) 2">
    <annotation name="androidx.annotation.IntDef">
      <val name="value" val="{com.lm.sdk.android.dfu.DfuBaseService.TYPE_SOFT_DEVICE, com.lm.sdk.android.dfu.DfuBaseService.TYPE_BOOTLOADER, com.lm.sdk.android.dfu.DfuBaseService.TYPE_APPLICATION}" />
      <val name="flag" val="true" />
    </annotation>
  </item>
  <item name="com.lm.sdk.android.dfu.DfuServiceInitiator com.lm.sdk.android.dfu.DfuServiceInitiator setBinOrHex(int, android.net.Uri) 0">
    <annotation name="androidx.annotation.IntDef">
      <val name="value" val="{com.lm.sdk.android.dfu.DfuBaseService.TYPE_SOFT_DEVICE, com.lm.sdk.android.dfu.DfuBaseService.TYPE_BOOTLOADER, com.lm.sdk.android.dfu.DfuBaseService.TYPE_APPLICATION}" />
      <val name="flag" val="true" />
    </annotation>
  </item>
  <item name="com.lm.sdk.android.dfu.DfuServiceInitiator com.lm.sdk.android.dfu.DfuServiceInitiator setBinOrHex(int, android.net.Uri, java.lang.String) 0">
    <annotation name="androidx.annotation.IntDef">
      <val name="value" val="{com.lm.sdk.android.dfu.DfuBaseService.TYPE_SOFT_DEVICE, com.lm.sdk.android.dfu.DfuBaseService.TYPE_BOOTLOADER, com.lm.sdk.android.dfu.DfuBaseService.TYPE_APPLICATION}" />
      <val name="flag" val="true" />
    </annotation>
  </item>
  <item name="com.lm.sdk.android.dfu.DfuServiceInitiator com.lm.sdk.android.dfu.DfuServiceInitiator setBinOrHex(int, int) 0">
    <annotation name="androidx.annotation.IntDef">
      <val name="value" val="{com.lm.sdk.android.dfu.DfuBaseService.TYPE_SOFT_DEVICE, com.lm.sdk.android.dfu.DfuBaseService.TYPE_BOOTLOADER, com.lm.sdk.android.dfu.DfuBaseService.TYPE_APPLICATION}" />
      <val name="flag" val="true" />
    </annotation>
  </item>
  <item name="com.lm.sdk.android.dfu.DfuServiceInitiator com.lm.sdk.android.dfu.DfuServiceInitiator setBinOrHex(int, java.lang.String) 0">
    <annotation name="androidx.annotation.IntDef">
      <val name="value" val="{com.lm.sdk.android.dfu.DfuBaseService.TYPE_SOFT_DEVICE, com.lm.sdk.android.dfu.DfuBaseService.TYPE_BOOTLOADER, com.lm.sdk.android.dfu.DfuBaseService.TYPE_APPLICATION}" />
      <val name="flag" val="true" />
    </annotation>
  </item>
  <item name="com.lm.sdk.android.dfu.DfuServiceInitiator com.lm.sdk.android.dfu.DfuServiceInitiator setScope(int) 0">
    <annotation name="androidx.annotation.IntDef">
      <val name="value" val="{com.lm.sdk.android.dfu.DfuServiceInitiator.SCOPE_SYSTEM_COMPONENTS, com.lm.sdk.android.dfu.DfuServiceInitiator.SCOPE_APPLICATION}" />
      <val name="flag" val="true" />
    </annotation>
  </item>
  <item name="com.lm.sdk.android.dfu.FileType">
    <annotation name="androidx.annotation.IntDef">
      <val name="value" val="{com.lm.sdk.android.dfu.DfuBaseService.TYPE_SOFT_DEVICE, com.lm.sdk.android.dfu.DfuBaseService.TYPE_BOOTLOADER, com.lm.sdk.android.dfu.DfuBaseService.TYPE_APPLICATION}" />
      <val name="flag" val="true" />
    </annotation>
  </item>
  <item name="com.lm.sdk.android.dfu.SecureDfuImpl boolean initialize(android.content.Intent, android.bluetooth.BluetoothGatt, int, java.io.InputStream, java.io.InputStream) 2">
    <annotation name="androidx.annotation.IntDef">
      <val name="value" val="{com.lm.sdk.android.dfu.DfuBaseService.TYPE_SOFT_DEVICE, com.lm.sdk.android.dfu.DfuBaseService.TYPE_BOOTLOADER, com.lm.sdk.android.dfu.DfuBaseService.TYPE_APPLICATION}" />
      <val name="flag" val="true" />
    </annotation>
  </item>
</root>

